Doctor_ID,Doctor_Name,Specialization,Experience_Years,Join_Date
201,Dr. 0,Orthopaedics,17,2018-01-01
202,Dr. 1,Cardiology,1,2018-01-31
203,Dr. 2,Neurology,15,2018-03-02
204,Dr. 3,cardiology,23,2018-04-01
205,Dr. 4,Orthopaedics,2,2018-05-01
206,Dr. 5,Orthopaedics,14,2018-05-31
207,Dr. 6,Cardiology,21,2018-06-30
208,Dr. 7,Paediatrics,8,2018-07-30
209,Dr. 8,General Medicine,8,2018-08-29
210,Dr. 9,Orthopaedics,19,2018-09-28
211,Dr. 10,Cardiology,7,2018-10-28
212,Dr. 11,General Medicine,19,2018-11-27
213,Dr. 12,Paediatrics,6,2018-12-27
214,Dr. 13,Orthopaedics,6,2019-01-26
215,Dr. 14,General Medicine,3,2019-02-25
216,Dr. 15,General Medicine,7,2019-03-27
217,Dr. 16,General Medicine,19,2019-04-26
218,Dr. 17,Orthopaedics,8,2019-05-26
219,Dr. 18,Orthopaedics,10,2019-06-25
220,Dr. 19,Neurology,20,2019-07-25
221,Dr. 20,Paediatrics,15,2019-08-24
222,Dr. 21,Cardiology,15,2019-09-23
223,Dr. 22,General Medicine,1,2019-10-23
224,Dr. 23,Neurology,20,2019-11-22
225,Dr. 24,Cardiology,7,2019-12-22
226,Dr. 25,Neurology,4,2020-01-21
227,Dr. 26,Orthopaedics,6,2020-02-20
228,Dr. 27,General Medicine,1,2020-03-21
229,Dr. 28,Cardiology,5,2020-04-20
230,Dr. 29,Cardiology,23,2020-05-20
