Appointment_ID,Patient_ID,Doctor_ID,Hospital_ID,Appointment_Date,Appointment_Type,Consultation_Fee,Appointment_Status
5001,1047,220,4,2025-07-17,Emergency,6675,completed
5002,1173,202,4,2023-11-05,Emergency,11082,Completed
5003,1130,229,1,2023-12-02,Follow-up,13459,Completed
5004,1095,214,7,2024-01-29,Consultation,8748,Rescheduled
5005,1115,204,9,2023-12-29,Emergency,8103,Cancelled
5006,1243,201,3,2025-08-31,Consultation,3473,Cancelled
5007,1292,223,2,2024-07-13,Consultation,5243,Rescheduled
5008,1282,218,3,2024-06-20,Follow-up,14670,Rescheduled
5009,1299,213,1,2024-06-07,Consultation,4181,Completed
5010,1283,202,6,2024-09-19,Consultation,11641,completed
5011,1069,209,7,2025-04-06,,5096,Cancelled
5012,1148,221,2,2022-12-05,Follow-up,8646,completed
5013,1011,202,8,2022-07-12,Consultation,13448,completed
5014,1254,227,6,2022-10-10,Emergency,13348,Rescheduled
5015,1038,225,4,2025-09-21,Follow-up,11782,completed
5016,1134,209,5,2023-01-25,Follow-up,7882,Completed
5017,1200,201,8,2024-09-26,Emergency,14431,Rescheduled
5018,1023,211,3,2023-06-09,Emergency,7982,completed
5019,1218,203,3,2025-06-17,Emergency,14173,Rescheduled
5020,1141,220,4,2023-10-21,Emergency,7798,Completed
5021,1104,230,1,2023-12-17,Emergency,11627,Completed
5022,1210,223,9,2024-06-09,Consultation,10415,completed
5023,1111,226,8,2025-01-17,Consultation,10411,Rescheduled
5024,1104,204,8,2025-01-23,Follow-up,14466,completed
5025,1171,218,10,2023-03-28,Consultation,11846,completed
5026,1133,223,6,2023-03-04,Consultation,14720,Rescheduled
5027,1293,206,7,2025-03-20,Consultation,10456,completed
5028,1127,203,6,2025-10-31,Emergency,11145,Completed
5029,1106,222,9,2024-11-11,Follow-up,6524,Rescheduled
5030,1092,211,3,2024-06-01,Follow-up,13925,Rescheduled
5031,1287,215,3,2022-11-09,Follow-up,8559,Rescheduled
5032,1051,222,3,2024-04-19,Follow-up,9620,Rescheduled
5033,1029,228,10,2023-06-03,Consultation,4774,completed
5034,1296,205,3,2025-05-14,Consultation,7673,completed
5035,1297,220,9,2023-01-10,Emergency,5124,Completed
5036,1214,210,4,2023-03-27,Follow-up,10671,Cancelled
5037,1267,212,7,2024-10-11,Consultation,13706,Cancelled
5038,1257,215,9,2023-08-18,Consultation,3353,Completed
5039,1101,217,7,2025-04-17,Emergency,13514,Cancelled
5040,1110,210,9,2025-05-18,Emergency,14070,Completed
5041,1182,206,3,2023-05-15,Emergency,11081,completed
5042,1001,218,4,2023-04-09,Consultation,5854,Rescheduled
5043,1055,213,8,2025-02-21,Consultation,10134,Rescheduled
5044,1149,203,6,2022-04-23,Emergency,2924,completed
5045,1137,230,5,2024-11-01,Follow-up,4170,Rescheduled
5046,1202,224,4,2025-02-23,Emergency,12094,Rescheduled
5047,1117,210,8,2022-11-27,Emergency,7506,Cancelled
5048,1154,230,1,2025-07-30,Emergency,4395,completed
5049,1291,214,9,2022-05-20,Emergency,10220,Cancelled
5050,1063,206,1,2025-11-25,Consultation,10226,Cancelled
5051,1244,203,8,2024-06-20,Follow-up,13781,Rescheduled
5052,1025,216,4,2025-01-25,Emergency,7515,Rescheduled
5053,1090,207,9,2023-06-01,Follow-up,4670,completed
5054,1075,220,5,2023-07-23,Follow-up,5365,Rescheduled
5055,1294,214,3,2024-04-25,Follow-up,2588,Rescheduled
5056,1210,209,9,2024-12-28,Emergency,13410,completed
5057,1017,215,9,2022-04-28,Consultation,5138,Rescheduled
5058,1128,221,4,2024-06-06,Emergency,11095,Cancelled
5059,1251,203,4,2024-12-18,Follow-up,8663,completed
5060,1179,202,8,2024-11-22,Follow-up,6086,Rescheduled
5061,1182,227,2,2025-09-03,Consultation,12361,Completed
5062,1152,202,9,2022-02-19,Emergency,10531,completed
5063,1025,203,6,2022-01-19,Follow-up,6270,completed
5064,1180,218,9,2023-12-27,Consultation,8019,Completed
5065,1198,214,8,2022-07-16,Follow-up,11906,Rescheduled
5066,1161,220,7,2023-07-13,Consultation,14884,Rescheduled
5067,1177,218,1,2023-03-28,Consultation,14738,completed
5068,1285,210,3,2022-10-16,Emergency,2556,completed
5069,1063,225,2,2025-03-10,Follow-up,10022,Rescheduled
5070,1150,202,5,2025-01-12,Emergency,13279,Rescheduled
5071,1154,225,5,2023-01-26,Follow-up,7452,Cancelled
5072,1156,229,5,2022-08-03,Emergency,13458,completed
5073,1049,222,4,2022-08-03,Follow-up,5567,completed
5074,1084,201,5,2025-11-27,Emergency,12248,Completed
5075,1177,204,3,2022-05-08,Consultation,5899,Cancelled
5076,1148,214,1,2024-01-30,Follow-up,8477,Rescheduled
5077,1118,201,5,2023-02-08,Follow-up,9500,Cancelled
5078,1063,214,9,2024-11-18,Consultation,3016,Rescheduled
5079,1189,216,9,2022-12-04,Emergency,8470,Rescheduled
5080,1049,222,4,2024-04-10,Follow-up,4062,Cancelled
5081,1257,214,3,2023-12-15,Follow-up,11030,completed
5082,1224,229,1,2022-12-27,Emergency,11829,Rescheduled
5083,1141,220,2,2023-07-23,Consultation,6321,Cancelled
5084,1215,203,8,2025-11-16,Emergency,5496,Completed
5085,1211,203,1,2022-08-06,Emergency,3813,Cancelled
5086,1032,209,8,2022-07-21,Emergency,13671,Completed
5087,1158,206,7,2022-01-17,Follow-up,8256,Rescheduled
5088,1285,225,8,2022-11-18,Consultation,11643,Cancelled
5089,1286,213,6,2023-06-02,Consultation,4313,Cancelled
5090,1144,221,9,2025-09-10,Emergency,11706,Completed
5091,1019,202,3,2025-12-06,Follow-up,3231,Cancelled
5092,1018,208,10,2025-09-03,Emergency,11837,Cancelled
5093,1257,221,4,2023-11-12,Follow-up,7831,Rescheduled
5094,1078,202,6,2025-01-10,Follow-up,4999,Cancelled
5095,1175,204,8,2023-03-01,Follow-up,5440,completed
5096,1194,225,5,2025-05-12,Follow-up,6056,Completed
5097,1113,215,3,2024-10-15,Consultation,2305,Cancelled
5098,1114,204,6,2023-01-22,Follow-up,13728,Completed
5099,1222,213,4,2024-02-17,Follow-up,11915,Completed
5100,1166,228,9,2022-04-08,Emergency,3689,Completed
5101,1132,212,3,2025-09-30,Emergency,11709,Cancelled
5102,1264,228,4,2022-07-27,Consultation,5917,Cancelled
5103,1055,213,7,2023-08-09,Emergency,9080,Completed
5104,1131,214,7,2022-06-15,Follow-up,10611,completed
5105,1288,220,4,2022-01-22,Emergency,4936,Completed
5106,1266,218,6,2022-06-03,Consultation,5862,completed
5107,1162,229,3,2025-08-11,Emergency,14421,Completed
5108,1087,228,6,2022-08-07,Emergency,11642,Rescheduled
5109,1055,206,2,2023-10-31,Consultation,13288,Completed
5110,1288,229,8,2022-08-18,Consultation,7649,Completed
5111,1178,211,2,2022-01-20,Follow-up,5261,Cancelled
5112,1008,230,7,2023-07-07,Emergency,11356,completed
5113,1247,202,9,2024-08-07,Follow-up,12061,Rescheduled
5114,1255,228,1,2022-05-28,Emergency,3819,completed
5115,1054,223,8,2025-02-05,Emergency,12897,Rescheduled
5116,1249,219,7,2023-02-07,Follow-up,13707,Completed
5117,1239,219,6,2023-08-19,Emergency,3342,Cancelled
5118,1229,205,6,2023-01-02,Emergency,7560,Cancelled
5119,1067,219,6,2025-12-08,Emergency,4226,completed
5120,1051,202,9,2025-08-25,Consultation,3079,Cancelled
5121,1097,210,2,2024-03-12,Follow-up,6206,completed
5122,1092,225,1,2024-07-06,Consultation,8280,completed
5123,1264,202,6,2025-03-03,Follow-up,14755,Rescheduled
5124,1291,230,10,2025-07-30,Follow-up,12971,completed
5125,1096,211,8,2022-03-14,Emergency,12720,Rescheduled
5126,1088,218,3,2023-04-26,Follow-up,9235,Cancelled
5127,1078,229,10,2025-10-07,Consultation,2813,completed
5128,1288,224,1,2023-07-14,Consultation,7089,completed
5129,1120,215,9,2025-09-11,Consultation,4031,Completed
5130,1165,209,1,2024-01-15,Follow-up,10514,completed
5131,1182,223,3,2022-04-10,Consultation,13161,completed
5132,1223,219,8,2024-12-18,Follow-up,11095,Completed
5133,1007,209,3,2023-05-23,Consultation,11733,Completed
5134,1263,203,4,2022-09-15,Consultation,7911,Cancelled
5135,1161,221,8,2023-02-17,Follow-up,13695,completed
5136,1151,209,1,2024-12-24,Consultation,4653,Cancelled
5137,1085,228,6,2023-08-18,Emergency,12668,Cancelled
5138,1147,230,1,2025-03-23,Follow-up,5340,Completed
5139,1112,214,1,2022-09-23,Follow-up,9876,Rescheduled
5140,1036,219,8,2024-03-31,Follow-up,14435,Cancelled
5141,1285,207,4,2025-01-07,Emergency,3141,Rescheduled
5142,1188,216,1,2025-08-31,Follow-up,11041,completed
5143,1082,216,10,2023-10-24,Consultation,10558,Completed
5144,1002,228,7,2024-08-04,Consultation,4897,completed
5145,1197,201,5,2023-07-14,Consultation,11281,completed
5146,1011,204,5,2024-07-05,Follow-up,6041,Completed
5147,1234,204,1,2024-06-09,Consultation,4038,completed
5148,1195,207,10,2025-06-25,Follow-up,13052,Completed
5149,1119,208,6,2024-05-17,Consultation,6270,Rescheduled
5150,1020,217,9,2023-09-02,Emergency,12046,completed
5151,1261,205,9,2023-02-18,Emergency,6683,Completed
5152,1293,207,8,2022-01-25,Emergency,2494,Cancelled
5153,1256,228,5,2022-10-11,Emergency,9116,completed
5154,1222,220,1,2024-05-30,Follow-up,13374,Rescheduled
5155,1226,229,9,2022-10-28,Consultation,3784,Completed
5156,1053,220,1,2024-12-27,Emergency,5510,completed
5157,1280,204,8,2024-10-27,Follow-up,5786,completed
5158,1081,228,5,2024-03-27,Emergency,7266,completed
5159,1202,206,3,2025-03-06,Emergency,14322,Rescheduled
5160,1158,207,7,2025-04-02,Follow-up,11190,Completed
5161,1120,218,7,2022-03-24,Follow-up,7428,Cancelled
5162,1059,205,9,2025-12-14,Consultation,8681,Cancelled
5163,1215,220,7,2025-01-01,Consultation,8893,Cancelled
5164,1128,230,3,2025-06-14,Emergency,14661,Completed
5165,1224,229,1,2022-02-15,Emergency,11643,Cancelled
5166,1209,203,8,2023-09-10,Consultation,11943,Rescheduled
5167,1115,207,3,2024-07-16,Consultation,12472,Completed
5168,1209,227,8,2022-09-19,Follow-up,14992,completed
5169,1014,228,8,2022-06-25,Consultation,6658,Rescheduled
5170,1009,222,5,2025-04-04,Consultation,9082,completed
5171,1040,214,1,2023-10-19,Emergency,13126,Cancelled
5172,1237,207,10,2024-04-21,Consultation,8869,Rescheduled
5173,1281,205,7,2023-01-05,Emergency,13926,Completed
5174,1201,229,10,2022-02-23,Consultation,9607,Rescheduled
5175,1246,222,5,2023-11-21,Follow-up,9669,completed
5176,1278,205,8,2025-12-13,Consultation,13538,Completed
5177,1235,230,9,2025-09-26,Consultation,12065,Rescheduled
5178,1004,223,7,2025-02-24,Consultation,8219,Rescheduled
5179,1154,202,7,2025-12-03,Emergency,6534,Rescheduled
5180,1029,230,1,2023-01-02,Follow-up,13995,Rescheduled
5181,1109,227,4,2025-07-18,Consultation,7979,Completed
5182,1098,221,2,2023-10-06,Emergency,12171,completed
5183,1215,222,2,2023-01-14,Follow-up,10890,Rescheduled
5184,1293,206,2,2022-03-14,Emergency,3312,Completed
5185,1075,215,4,2024-07-03,Emergency,4962,completed
5186,1146,221,1,2025-06-25,Follow-up,4938,Rescheduled
5187,1128,210,4,2024-05-09,Consultation,14979,completed
5188,1042,223,2,2022-02-12,Emergency,12492,completed
5189,1041,226,5,2023-01-12,Emergency,5197,Completed
5190,1034,224,3,2024-11-30,Consultation,7296,completed
5191,1017,207,8,2022-06-19,Consultation,9204,Completed
5192,1165,205,4,2022-07-31,Follow-up,7730,Rescheduled
5193,1153,201,1,2022-02-08,Follow-up,2126,completed
5194,1076,213,1,2023-01-04,Follow-up,7602,completed
5195,1087,221,10,2024-01-27,Consultation,3191,Cancelled
5196,1117,226,3,2022-05-31,Emergency,4639,Rescheduled
5197,1027,218,9,2025-02-08,Emergency,14581,Rescheduled
5198,1287,213,7,2025-12-30,Follow-up,14108,Cancelled
5199,1134,221,2,2024-12-06,Consultation,3366,Cancelled
5200,1219,221,9,2024-10-20,Emergency,11211,Completed
5201,1168,218,10,2024-01-07,Follow-up,8453,Completed
5202,1098,205,2,2025-10-21,Emergency,8671,completed
5203,1268,213,3,2022-03-10,Emergency,8683,completed
5204,1237,204,10,2022-10-26,Consultation,14271,completed
5205,1173,217,2,2024-08-01,Consultation,14706,completed
5206,1190,203,3,2024-03-12,Emergency,6539,Completed
5207,1122,217,6,2022-10-23,Follow-up,10876,Rescheduled
5208,1046,228,9,2022-07-22,Consultation,13821,completed
5209,1064,211,9,2022-03-02,Emergency,4887,Rescheduled
5210,1130,221,7,2024-08-03,Consultation,11654,completed
5211,1193,220,3,2024-08-20,Consultation,6086,Cancelled
5212,1181,223,4,2025-08-30,Consultation,4261,completed
5213,1292,221,6,2025-03-30,Emergency,6180,completed
5214,1282,226,5,2022-11-27,Follow-up,4841,completed
5215,1029,230,2,2022-12-04,Follow-up,11959,Completed
5216,1149,204,6,2025-08-20,Follow-up,14372,Cancelled
5217,1267,202,3,2025-09-23,Consultation,8040,completed
5218,1296,220,8,2023-10-01,Emergency,5560,completed
5219,1011,216,2,2022-10-02,Consultation,12304,Rescheduled
5220,1164,228,1,2025-04-02,Follow-up,6758,Cancelled
5221,1113,218,9,2022-11-15,Follow-up,2626,completed
5222,1187,208,3,2023-08-12,Emergency,14351,Rescheduled
5223,1295,203,1,2023-05-19,Consultation,13606,Rescheduled
5224,1232,209,7,2023-01-22,Follow-up,7014,Completed
5225,1227,229,10,2024-05-19,Emergency,3375,Rescheduled
5226,1098,220,5,2024-04-12,Consultation,3181,completed
5227,1055,229,5,2024-10-11,Consultation,7708,Completed
5228,1111,206,1,2023-08-26,Follow-up,2490,Completed
5229,1152,210,9,2023-11-22,Follow-up,5729,completed
5230,1246,221,7,2023-05-09,Consultation,7974,Cancelled
5231,1069,210,8,2023-05-05,Consultation,5534,Rescheduled
5232,1289,213,9,2023-12-22,Follow-up,5296,Completed
5233,1250,217,6,2025-01-01,Consultation,3940,Cancelled
5234,1036,209,5,2023-05-24,Follow-up,14600,completed
5235,1239,217,6,2023-01-25,Consultation,7014,Rescheduled
5236,1148,224,2,2022-10-22,Follow-up,3882,Rescheduled
5237,1227,209,4,2025-10-24,Emergency,6908,Completed
5238,1244,209,3,2024-03-06,Follow-up,4987,Rescheduled
5239,1201,201,7,2024-05-14,Follow-up,7585,Rescheduled
5240,1154,202,9,2023-07-03,Emergency,5159,Rescheduled
5241,1073,228,5,2023-10-11,Consultation,14967,Rescheduled
5242,1201,216,6,2023-07-22,Emergency,6530,completed
5243,1296,229,10,2025-04-25,Follow-up,2681,Cancelled
5244,1017,201,2,2024-05-02,Consultation,7254,completed
5245,1129,210,3,2024-02-09,Emergency,3073,completed
5246,1217,218,3,2023-03-21,Consultation,4387,Completed
5247,1061,226,9,2022-12-29,Consultation,12586,Rescheduled
5248,1104,228,7,2022-05-03,Emergency,4693,completed
5249,1042,208,8,2025-04-26,Consultation,11562,Rescheduled
5250,1025,221,10,2024-01-12,Emergency,14936,completed
5251,1039,228,9,2023-11-11,Follow-up,6340,completed
5252,1291,211,6,2023-02-24,Consultation,4156,Completed
5253,1131,223,4,2025-06-29,Follow-up,9966,Cancelled
5254,1229,202,1,2025-09-20,Follow-up,4580,Cancelled
5255,1108,208,8,2022-04-02,Consultation,9257,completed
5256,1172,227,7,2022-03-04,Emergency,14583,Completed
5257,1102,222,2,2023-05-27,Consultation,4159,Rescheduled
5258,1012,208,8,2025-03-08,Follow-up,13440,Rescheduled
5259,1275,217,5,2025-04-23,Follow-up,13923,completed
5260,1101,215,7,2025-05-13,Emergency,14021,Cancelled
5261,1044,217,4,2024-02-11,Consultation,8772,Completed
5262,1017,228,5,2025-05-22,Follow-up,3627,Cancelled
5263,1057,223,8,2022-09-13,Follow-up,13664,Rescheduled
5264,1012,224,1,2022-05-15,Follow-up,10219,Cancelled
5265,1080,213,1,2024-05-24,Emergency,9080,Rescheduled
5266,1216,219,4,2024-04-01,Follow-up,3985,Completed
5267,1264,205,3,2022-03-29,Follow-up,14345,Completed
5268,1149,212,10,2024-09-14,Consultation,11713,completed
5269,1081,201,2,2025-05-15,Consultation,10488,completed
5270,1215,223,3,2025-02-26,Follow-up,4181,Cancelled
5271,1198,205,1,2024-04-02,Follow-up,13594,Completed
5272,1200,208,1,2024-10-23,Consultation,4296,Completed
5273,1025,213,6,2024-08-31,Emergency,9164,completed
5274,1089,208,5,2024-07-22,Emergency,4597,Rescheduled
5275,1268,225,8,2022-05-01,Emergency,2901,Cancelled
5276,1143,223,2,2025-11-09,Emergency,8060,Cancelled
5277,1059,211,4,2024-11-27,Emergency,11290,completed
5278,1026,201,8,2025-09-26,Emergency,3677,Completed
5279,1047,213,6,2024-10-04,Emergency,4881,completed
5280,1288,219,1,2024-07-13,Emergency,7622,completed
5281,1266,224,4,2023-10-07,Consultation,10052,completed
5282,1016,203,1,2023-12-15,Emergency,3378,completed
5283,1199,224,2,2024-05-09,Emergency,3248,Rescheduled
5284,1282,217,5,2022-01-21,Emergency,13927,Rescheduled
5285,1086,205,8,2022-08-30,Follow-up,7650,Completed
5286,1250,220,8,2023-03-31,Consultation,14433,completed
5287,1270,221,3,2024-08-20,Consultation,8079,Rescheduled
5288,1117,208,4,2023-09-13,Consultation,11456,Completed
5289,1007,226,10,2022-10-30,Emergency,12099,completed
5290,1137,214,6,2024-03-13,Emergency,9036,Cancelled
5291,1176,204,10,2024-08-21,Follow-up,8487,Rescheduled
5292,1215,211,3,2022-03-10,Consultation,3058,Completed
5293,1082,220,2,2025-02-26,Emergency,12941,Cancelled
5294,1223,215,6,2022-07-15,Consultation,4048,completed
5295,1103,219,5,2022-05-20,Follow-up,8115,completed
5296,1273,207,10,2022-10-10,Follow-up,6248,completed
5297,1014,219,5,2022-11-08,Follow-up,4476,Rescheduled
5298,1159,228,10,2024-01-16,Consultation,14208,Completed
5299,1152,219,5,2022-10-04,Emergency,6603,Cancelled
5300,1108,211,10,2022-03-02,Emergency,13389,Completed
5301,1188,226,5,2025-09-04,Follow-up,14778,Rescheduled
5302,1098,205,3,2022-02-21,Emergency,5553,Completed
5303,1131,205,7,2022-06-02,Follow-up,14632,Rescheduled
5304,1293,230,6,2025-08-27,Consultation,11953,completed
5305,1171,222,4,2023-06-28,Follow-up,2220,Cancelled
5306,1183,208,2,2023-07-21,Consultation,6818,completed
5307,1039,210,9,2025-11-13,Follow-up,9192,Completed
5308,1015,206,1,2023-09-14,Emergency,6623,completed
5309,1004,215,4,2025-04-15,Emergency,9349,Cancelled
5310,1210,216,1,2025-10-17,Follow-up,7618,completed
5311,1161,228,6,2022-11-10,Emergency,13080,Cancelled
5312,1016,217,4,2024-03-17,Emergency,11856,Cancelled
5313,1108,208,5,2024-04-27,Emergency,9209,completed
5314,1227,208,5,2022-04-07,Consultation,14178,Rescheduled
5315,1170,225,9,2024-05-30,Emergency,6576,Completed
5316,1034,209,1,2025-05-21,Consultation,13169,Rescheduled
5317,1251,202,2,2024-04-08,Follow-up,3871,Rescheduled
5318,1247,215,6,2022-05-17,Emergency,9915,completed
5319,1269,218,5,2024-10-26,Emergency,3462,Completed
5320,1141,203,7,2024-10-07,Emergency,7521,Completed
5321,1274,217,3,2022-04-19,Follow-up,10536,Rescheduled
5322,1096,204,3,2023-07-01,Consultation,10236,completed
5323,1227,230,10,2024-11-28,Consultation,9813,Completed
5324,1039,204,2,2023-10-24,Emergency,4068,Rescheduled
5325,1029,214,3,2023-03-01,Follow-up,7753,Completed
5326,1245,209,10,2023-09-22,Follow-up,9237,completed
5327,1236,209,1,2022-09-18,Follow-up,9016,completed
5328,1185,225,5,2025-12-20,Follow-up,8191,completed
5329,1272,226,5,2022-03-28,Follow-up,3514,Completed
5330,1236,223,7,2023-04-10,Consultation,4598,Cancelled
5331,1239,230,4,2022-03-17,Consultation,3001,Completed
5332,1266,218,3,2023-04-16,Consultation,3033,Cancelled
5333,1065,210,1,2023-02-18,Emergency,12232,completed
5334,1177,221,8,2024-04-04,Follow-up,8899,Rescheduled
5335,1003,204,3,2024-06-13,Emergency,10465,Cancelled
5336,1142,212,2,2023-12-27,Follow-up,7051,completed
5337,1158,227,4,2023-04-02,Consultation,12839,completed
5338,1146,208,3,2025-08-01,Emergency,11971,Cancelled
5339,1293,202,1,2025-06-16,Consultation,6476,Rescheduled
5340,1153,222,3,2023-10-15,Follow-up,2478,completed
5341,1193,213,2,2023-11-03,Follow-up,2515,Cancelled
5342,1073,221,8,2025-10-27,Follow-up,14478,Rescheduled
5343,1140,216,6,2023-05-10,Consultation,3191,Rescheduled
5344,1187,228,9,2024-12-04,Follow-up,12860,completed
5345,1293,202,8,2025-11-25,Consultation,8297,Completed
5346,1061,211,10,2025-06-24,Emergency,11603,Completed
5347,1198,210,3,2023-08-20,Follow-up,13472,completed
5348,1295,215,5,2023-03-26,Follow-up,2271,Rescheduled
5349,1011,217,7,2023-04-30,Follow-up,10334,completed
5350,1062,208,5,2023-10-08,Emergency,9778,Cancelled
5351,1226,218,8,2023-09-12,Follow-up,8008,Completed
5352,1153,223,5,2024-11-07,Consultation,9987,Cancelled
5353,1199,209,1,2023-10-24,Consultation,5332,completed
5354,1052,225,5,2024-01-28,Follow-up,2787,completed
5355,1260,208,4,2022-10-16,Follow-up,8222,Rescheduled
5356,1059,227,6,2025-12-08,Emergency,11873,Rescheduled
5357,1072,214,3,2023-12-22,Emergency,2622,Rescheduled
5358,1148,228,5,2023-09-30,Emergency,5841,Cancelled
5359,1063,226,2,2022-08-23,Follow-up,5676,Rescheduled
5360,1243,225,6,2023-02-20,Emergency,4572,completed
5361,1107,218,6,2024-07-26,Emergency,8915,Rescheduled
5362,1226,222,5,2023-05-14,Consultation,7033,Completed
5363,1218,220,6,2024-08-31,Emergency,9788,Rescheduled
5364,1241,230,7,2023-09-26,Consultation,13452,Cancelled
5365,1259,220,5,2024-10-16,Consultation,7214,Completed
5366,1262,221,1,2022-04-25,Emergency,6712,Completed
5367,1005,212,8,2024-07-20,Consultation,2066,Completed
5368,1261,219,4,2023-11-05,Follow-up,14478,Cancelled
5369,1054,214,9,2025-06-11,Follow-up,9533,completed
5370,1047,217,10,2024-10-31,Emergency,6616,Rescheduled
5371,1215,224,6,2022-07-25,Follow-up,3140,Completed
5372,1177,221,1,2022-09-04,Consultation,12506,Completed
5373,1009,203,3,2024-01-28,Follow-up,7730,Completed
5374,1099,226,3,2025-02-24,Emergency,12724,completed
5375,1020,230,10,2022-05-27,Emergency,13772,completed
5376,1241,223,4,2022-04-28,Consultation,9465,Cancelled
5377,1061,207,6,2025-11-06,Emergency,11379,completed
5378,1178,217,7,2023-02-16,Follow-up,6471,Rescheduled
5379,1062,212,10,2022-12-29,Emergency,14940,Cancelled
5380,1145,209,4,2022-05-17,Consultation,5339,Cancelled
5381,1216,215,6,2025-04-13,Emergency,2548,Rescheduled
5382,1003,218,1,2025-08-05,Follow-up,9675,Rescheduled
5383,1160,221,8,2024-08-15,Consultation,14279,Rescheduled
5384,1227,213,7,2022-01-19,Follow-up,10264,Cancelled
5385,1269,230,9,2022-07-14,Consultation,2198,Cancelled
5386,1120,221,3,2022-11-26,Emergency,13393,Cancelled
5387,1089,230,2,2022-06-24,Consultation,11973,Rescheduled
5388,1068,208,1,2024-09-28,Consultation,2571,Rescheduled
5389,1098,214,3,2023-03-25,Emergency,2790,Completed
5390,1267,208,5,2024-08-03,Follow-up,11830,completed
5391,1105,214,2,2025-10-09,Emergency,12023,Completed
5392,1123,207,3,2022-05-21,Consultation,12047,Rescheduled
5393,1029,223,4,2024-01-28,Emergency,3174,Cancelled
5394,1137,212,7,2024-07-18,Consultation,13932,Rescheduled
5395,1195,211,3,2022-04-03,Emergency,13469,completed
5396,1226,222,9,2022-08-27,Emergency,2178,Completed
5397,1170,222,8,2022-07-24,Follow-up,4244,Completed
5398,1009,211,4,2023-07-14,Consultation,6086,Cancelled
5399,1040,225,1,2025-12-27,Follow-up,2734,Completed
5400,1025,222,1,2022-09-02,Consultation,8232,Completed
5401,1261,228,1,2024-04-11,Emergency,2798,Rescheduled
5402,1226,229,1,2025-09-02,Consultation,9601,Completed
5403,1124,213,8,2024-07-13,Follow-up,10979,Completed
5404,1038,218,3,2022-10-22,Follow-up,4795,Completed
5405,1251,202,6,2023-10-02,Follow-up,14496,Cancelled
5406,1176,229,3,2024-05-05,Consultation,6588,Cancelled
5407,1090,221,5,2025-07-29,Follow-up,9297,Rescheduled
5408,1037,215,7,2022-01-17,Follow-up,5084,Completed
5409,1176,220,2,2022-03-12,Follow-up,13110,Cancelled
5410,1284,227,6,2025-07-16,Emergency,2731,Cancelled
5411,1081,218,6,2025-09-10,Emergency,3129,Rescheduled
5412,1114,215,3,2022-11-01,Consultation,13638,completed
5413,1040,219,6,2024-10-27,Consultation,3605,Completed
5414,1224,223,10,2025-08-30,Follow-up,13970,Cancelled
5415,1115,224,10,2024-03-27,Emergency,12937,Rescheduled
5416,1186,212,5,2025-01-31,Follow-up,13362,Rescheduled
5417,1056,213,2,2024-03-31,Follow-up,14881,Rescheduled
5418,1040,222,9,2022-07-12,Emergency,4933,Cancelled
5419,1040,211,8,2023-06-13,Emergency,11407,Completed
5420,1237,205,3,2022-06-20,Emergency,10516,completed
5421,1289,229,8,2022-09-08,Consultation,7074,Completed
5422,1262,201,9,2025-11-11,Consultation,12042,Rescheduled
5423,1216,224,3,2025-05-15,Follow-up,9099,Rescheduled
5424,1147,203,3,2023-06-25,Consultation,3490,completed
5425,1168,222,2,2023-02-20,Emergency,2893,Completed
5426,1092,219,8,2024-03-04,Emergency,3390,Rescheduled
5427,1059,223,10,2025-11-04,Consultation,5389,Rescheduled
5428,1059,229,1,2025-03-13,Follow-up,6239,Completed
5429,1169,230,8,2022-01-25,Follow-up,6479,Rescheduled
5430,1269,207,7,2023-10-30,Consultation,4263,Completed
5431,1045,212,7,2025-01-01,Follow-up,5432,Rescheduled
5432,1181,215,3,2023-09-24,Follow-up,4371,Completed
5433,1170,225,1,2025-01-21,Follow-up,13278,completed
5434,1191,205,4,2023-05-20,Emergency,6312,Rescheduled
5435,1155,215,9,2022-12-02,Emergency,3515,completed
5436,1188,208,5,2023-03-01,Consultation,8326,Rescheduled
5437,1007,210,1,2023-05-14,Emergency,9088,Rescheduled
5438,1133,226,5,2025-10-19,Follow-up,7586,Cancelled
5439,1235,216,8,2024-08-04,Emergency,4917,Completed
5440,1045,208,8,2023-09-22,Consultation,7731,completed
5441,1249,201,5,2025-05-07,Emergency,9686,completed
5442,1031,212,9,2023-12-19,Follow-up,12544,completed
5443,1023,205,1,2025-12-07,Follow-up,3167,Completed
5444,1160,203,4,2022-12-05,Consultation,10302,Cancelled
5445,1158,201,3,2023-10-21,Emergency,7109,completed
5446,1039,204,2,2024-08-19,Emergency,6327,Completed
5447,1082,208,8,2023-03-05,Emergency,7810,Rescheduled
5448,1258,203,7,2024-06-17,Follow-up,5655,completed
5449,1206,210,9,2022-05-19,Consultation,5793,completed
5450,1077,202,2,2024-07-30,Emergency,11947,Cancelled
5451,1012,211,4,2023-06-26,Follow-up,8738,completed
5452,1295,225,6,2022-02-26,Follow-up,3577,completed
5453,1224,210,3,2025-06-09,Follow-up,11488,Rescheduled
5454,1013,221,8,2023-10-20,Emergency,13966,Completed
5455,1046,214,3,2023-03-11,Emergency,4220,Completed
5456,1155,207,2,2023-01-19,Emergency,11164,Cancelled
5457,1113,227,3,2023-07-14,Emergency,3030,Rescheduled
5458,1233,227,6,2022-07-13,Emergency,12785,Completed
5459,1017,202,2,2023-06-18,Emergency,8691,Rescheduled
5460,1223,209,8,2023-06-02,Emergency,5992,Completed
5461,1188,216,1,2023-12-17,Emergency,14805,Rescheduled
5462,1163,213,7,2024-01-21,Emergency,2913,Cancelled
5463,1074,209,2,2022-07-04,Follow-up,8358,completed
5464,1233,220,10,2022-10-19,Emergency,4181,Cancelled
5465,1224,204,6,2025-09-20,Consultation,5197,Completed
5466,1060,222,2,2024-01-02,Follow-up,8040,Cancelled
5467,1222,210,2,2022-04-26,Emergency,3462,completed
5468,1037,226,10,2024-04-04,Consultation,12570,Cancelled
5469,1278,226,8,2024-12-08,Emergency,13646,Completed
5470,1196,222,2,2023-11-16,Consultation,9037,Completed
5471,1242,212,7,2022-03-23,Consultation,13745,Cancelled
5472,1219,217,3,2024-04-13,Consultation,11499,completed
5473,1192,214,8,2022-11-29,Consultation,6994,Cancelled
5474,1017,214,7,2023-07-11,Follow-up,11381,completed
5475,1012,225,8,2022-12-01,Follow-up,7308,Rescheduled
5476,1193,202,7,2023-06-16,Consultation,8221,completed
5477,1022,221,6,2022-08-09,Emergency,9090,Rescheduled
5478,1120,225,7,2023-09-27,Consultation,9769,Cancelled
5479,1210,220,5,2022-11-19,Follow-up,2687,completed
5480,1270,211,7,2022-01-03,Emergency,6661,Rescheduled
5481,1192,216,1,2022-07-25,Follow-up,11399,Rescheduled
5482,1175,219,1,2022-02-09,Follow-up,3894,Rescheduled
5483,1285,223,9,2022-02-28,Emergency,9389,Completed
5484,1204,206,5,2024-08-08,Consultation,6922,Cancelled
5485,1164,224,5,2023-07-28,Consultation,8322,Rescheduled
5486,1251,219,3,2023-10-06,Consultation,12003,completed
5487,1227,205,5,2024-04-22,Consultation,5183,Rescheduled
5488,1007,226,3,2025-02-19,Emergency,5797,Completed
5489,1029,204,9,2023-09-11,Emergency,7178,Cancelled
5490,1033,215,9,2022-04-06,Emergency,11836,Completed
5491,1134,229,6,2025-12-08,Follow-up,5968,Completed
5492,1079,204,1,2025-06-12,Emergency,4716,Completed
5493,1058,220,7,2024-06-16,Consultation,2190,completed
5494,1026,210,7,2024-12-21,Follow-up,3335,Cancelled
5495,1226,224,10,2025-07-03,Consultation,10181,Cancelled
5496,1285,222,10,2023-07-15,Consultation,14995,completed
5497,1004,203,4,2024-06-23,Emergency,13298,Cancelled
5498,1099,226,8,2022-12-14,Emergency,2378,Completed
5499,1039,205,6,2023-11-02,Consultation,14674,Cancelled
5500,1271,206,4,2025-02-21,Consultation,5829,completed
5501,1285,221,4,2022-11-13,Follow-up,8380,Completed
5502,1157,222,2,2023-12-20,Emergency,2615,completed
5503,1075,208,2,2024-12-07,Follow-up,4330,Rescheduled
5504,1288,207,4,2025-12-03,Follow-up,3754,Completed
5505,1130,221,5,2025-03-05,Follow-up,2463,Completed
5506,1175,210,8,2025-05-09,Consultation,11158,Cancelled
5507,1084,206,6,2022-09-07,Follow-up,6267,Completed
5508,1022,214,4,2022-11-10,Follow-up,5158,completed
5509,1027,204,7,2025-10-23,Consultation,5624,Cancelled
5510,1195,228,8,2025-12-23,Emergency,6938,Rescheduled
5511,1236,225,2,2024-03-17,Emergency,7417,completed
5512,1092,213,7,2025-08-30,Follow-up,8004,Rescheduled
5513,1021,220,2,2025-10-10,Consultation,10881,Rescheduled
5514,1084,217,2,2023-04-30,Emergency,12814,Rescheduled
5515,1262,223,8,2025-05-19,Follow-up,7603,Completed
5516,1147,207,2,2022-02-13,Follow-up,4212,completed
5517,1257,204,9,2023-07-25,Consultation,8120,completed
5518,1058,229,1,2023-08-06,Follow-up,7818,Completed
5519,1015,214,9,2025-01-20,Emergency,2382,Cancelled
5520,1162,203,1,2025-07-12,Consultation,4256,Rescheduled
5521,1163,224,10,2024-06-13,Emergency,14002,completed
5522,1281,205,10,2022-08-08,Emergency,13695,Completed
5523,1280,216,2,2024-07-13,Emergency,3412,Rescheduled
5524,1012,226,6,2023-02-05,Follow-up,11775,Cancelled
5525,1274,223,6,2025-11-24,Follow-up,8146,Cancelled
5526,1271,220,1,2023-12-28,Emergency,2371,Rescheduled
5527,1208,204,7,2024-09-17,Emergency,7806,Cancelled
5528,1027,224,8,2024-06-17,Consultation,7565,completed
5529,1072,230,2,2024-05-07,Consultation,10802,completed
5530,1060,224,8,2024-03-14,Follow-up,10307,completed
5531,1145,202,9,2023-05-05,Follow-up,9437,Cancelled
5532,1093,230,6,2024-07-26,Consultation,2446,completed
5533,1008,218,5,2024-04-23,Emergency,3391,Completed
5534,1079,219,9,2025-07-16,Follow-up,13516,completed
5535,1027,228,9,2022-09-24,Emergency,3340,completed
5536,1174,228,1,2022-02-23,Consultation,14702,Cancelled
5537,1050,219,3,2023-06-12,Follow-up,4939,completed
5538,1199,217,9,2023-09-08,Follow-up,13891,Rescheduled
5539,1181,214,2,2024-12-18,Consultation,7969,Completed
5540,1024,219,4,2024-11-29,Follow-up,11265,Cancelled
5541,1046,222,4,2025-06-14,Consultation,6813,Completed
5542,1015,224,2,2024-08-12,Follow-up,5569,Rescheduled
5543,1153,213,3,2023-01-21,Consultation,7454,Cancelled
5544,1222,212,3,2024-01-04,Follow-up,5150,Cancelled
5545,1206,230,1,2023-12-17,Emergency,11797,completed
5546,1273,226,6,2023-10-12,Emergency,8414,Completed
5547,1236,206,8,2022-10-27,Emergency,6657,Rescheduled
5548,1228,221,3,2023-01-30,Follow-up,8947,Rescheduled
5549,1009,204,5,2025-05-15,Follow-up,12486,Cancelled
5550,1166,219,1,2025-09-21,Emergency,9943,completed
5551,1214,216,10,2023-08-16,Emergency,5662,Cancelled
5552,1117,213,7,2023-05-29,Consultation,6482,Cancelled
5553,1072,204,10,2025-04-16,Consultation,6797,Cancelled
5554,1064,230,1,2023-01-31,Consultation,7068,Cancelled
5555,1205,223,9,2023-01-06,Emergency,7480,Rescheduled
5556,1209,217,8,2024-05-07,Emergency,10033,Rescheduled
5557,1072,223,7,2024-03-01,Emergency,2983,Cancelled
5558,1277,201,10,2023-10-20,Consultation,7607,Cancelled
5559,1274,218,7,2025-09-03,Follow-up,10543,completed
5560,1095,220,5,2024-01-06,Emergency,11916,Cancelled
5561,1166,217,5,2025-10-24,Follow-up,12143,Rescheduled
5562,1032,227,5,2023-01-19,Follow-up,11471,Completed
5563,1011,228,1,2022-03-03,Follow-up,3907,Rescheduled
5564,1217,227,8,2023-05-20,Consultation,8924,completed
5565,1289,215,1,2022-08-27,Follow-up,11216,Rescheduled
5566,1102,211,4,2022-07-14,Emergency,10737,Completed
5567,1267,225,9,2023-11-09,Consultation,6174,Cancelled
5568,1214,228,9,2025-05-30,Emergency,12573,Completed
5569,1179,222,5,2022-03-02,Emergency,11080,Cancelled
5570,1088,213,4,2025-02-26,Consultation,9265,Cancelled
5571,1041,201,3,2024-09-16,Emergency,11297,Rescheduled
5572,1076,217,3,2023-11-16,Emergency,12741,Rescheduled
5573,1046,206,5,2022-06-05,Consultation,3990,Rescheduled
5574,1160,204,10,2025-11-02,Emergency,7596,completed
5575,1080,220,1,2024-07-11,Follow-up,5998,Rescheduled
5576,1086,216,5,2024-05-17,Emergency,5775,completed
5577,1092,215,6,2024-06-21,Follow-up,13004,Rescheduled
5578,1148,227,7,2024-09-25,Emergency,11112,Cancelled
5579,1161,215,9,2024-09-01,Consultation,6645,completed
5580,1202,206,3,2025-05-15,Consultation,4061,Completed
5581,1242,215,2,2023-01-23,Emergency,6487,completed
5582,1002,214,3,2024-06-05,Consultation,13831,completed
5583,1225,228,9,2024-04-17,Emergency,13357,Completed
5584,1289,211,7,2025-09-25,Consultation,6435,completed
5585,1233,207,9,2022-12-06,Follow-up,4644,Cancelled
5586,1077,209,2,2022-07-23,Emergency,3045,Rescheduled
5587,1116,226,5,2022-06-10,Follow-up,13748,Completed
5588,1154,216,4,2023-01-27,Follow-up,9951,Rescheduled
5589,1103,205,2,2024-02-08,Emergency,8449,Cancelled
5590,1194,225,9,2023-07-29,Follow-up,4681,Completed
5591,1166,220,9,2023-06-18,Emergency,5199,Rescheduled
5592,1090,229,6,2024-12-29,Follow-up,8768,Rescheduled
5593,1174,210,6,2024-06-11,Emergency,11130,Cancelled
5594,1122,218,8,2023-02-09,Emergency,9440,Rescheduled
5595,1143,203,6,2023-08-31,Consultation,10633,Cancelled
5596,1106,213,1,2024-04-07,Emergency,4550,completed
5597,1123,211,4,2025-02-17,Emergency,6225,Cancelled
5598,1009,217,7,2023-11-21,Follow-up,2596,completed
5599,1262,230,2,2024-06-20,Emergency,8054,Completed
5600,1073,230,9,2025-05-25,Consultation,3505,Rescheduled
5601,1223,222,8,2022-02-25,Follow-up,11053,Cancelled
5602,1041,213,8,2023-01-01,Follow-up,12832,Cancelled
5603,1204,206,7,2023-03-31,Consultation,8468,Rescheduled
5604,1264,217,4,2022-04-14,Follow-up,9236,Rescheduled
5605,1178,227,2,2022-03-18,Follow-up,13923,Completed
5606,1084,213,3,2022-08-18,Follow-up,3551,Completed
5607,1111,219,6,2025-07-05,Follow-up,13428,Cancelled
5608,1251,221,5,2025-07-11,Consultation,11928,Completed
5609,1007,219,8,2022-11-27,Consultation,8852,completed
5610,1084,210,6,2025-04-20,Follow-up,3449,Completed
5611,1208,203,6,2024-06-11,Follow-up,7953,Completed
5612,1022,214,1,2023-11-19,Consultation,10456,Cancelled
5613,1003,226,4,2022-01-27,Consultation,10042,completed
5614,1127,219,5,2025-07-23,Consultation,4659,Completed
5615,1297,205,3,2022-10-26,Follow-up,9509,completed
5616,1188,229,9,2024-08-14,Follow-up,9893,completed
5617,1014,205,1,2024-03-09,Emergency,9445,completed
5618,1012,220,6,2025-01-19,Consultation,4721,Rescheduled
5619,1087,217,6,2023-04-25,Follow-up,11654,Rescheduled
5620,1012,221,10,2023-07-27,Consultation,14444,Rescheduled
5621,1025,210,5,2023-04-03,Follow-up,11637,Rescheduled
5622,1243,205,5,2022-12-31,Consultation,12490,Cancelled
5623,1122,204,10,2024-05-08,Follow-up,4925,Completed
5624,1147,206,5,2022-12-17,Emergency,11824,Rescheduled
5625,1055,226,6,2025-11-24,Emergency,12566,Cancelled
5626,1238,204,8,2022-09-10,Consultation,9104,Completed
5627,1173,230,2,2024-02-20,Follow-up,8240,Rescheduled
5628,1221,207,6,2024-03-13,Follow-up,2512,Completed
5629,1119,207,1,2024-10-08,Consultation,2215,Rescheduled
5630,1183,218,4,2023-04-04,Follow-up,9299,Cancelled
5631,1288,203,10,2024-07-05,Consultation,13523,completed
5632,1300,201,3,2023-05-14,Follow-up,12364,completed
5633,1082,224,9,2024-08-07,Consultation,5153,Completed
5634,1211,225,3,2023-05-23,Follow-up,9450,Cancelled
5635,1150,204,6,2025-08-20,Consultation,3706,completed
5636,1037,206,1,2023-05-16,Follow-up,12298,Rescheduled
5637,1059,209,6,2024-03-13,Emergency,3567,completed
5638,1131,222,4,2023-08-21,Follow-up,12400,Completed
5639,1202,214,8,2022-06-15,Consultation,12523,Completed
5640,1243,228,9,2025-12-09,Emergency,12345,Cancelled
5641,1035,212,4,2023-04-07,Follow-up,3128,Completed
5642,1093,228,10,2024-07-08,Emergency,5510,completed
5643,1207,225,10,2022-04-24,Follow-up,14515,completed
5644,1213,220,6,2025-12-27,Emergency,9867,completed
5645,1159,224,1,2024-09-18,Consultation,13845,completed
5646,1024,225,4,2025-10-11,Follow-up,4365,Cancelled
5647,1293,204,7,2022-07-26,Follow-up,7583,Rescheduled
5648,1004,221,1,2025-06-12,Consultation,6897,Rescheduled
5649,1220,230,8,2025-10-10,Emergency,7718,Cancelled
5650,1020,224,10,2023-05-30,Consultation,8001,Completed
5651,1152,212,6,2025-05-16,Consultation,13113,Rescheduled
5652,1050,210,5,2023-12-10,Emergency,6567,Completed
5653,1177,230,10,2025-02-22,Consultation,11271,Rescheduled
5654,1096,222,9,2022-05-18,Follow-up,13703,Completed
5655,1105,228,2,2022-12-05,Follow-up,4741,Cancelled
5656,1250,207,5,2023-06-21,Follow-up,5020,completed
5657,1117,203,6,2022-03-09,Consultation,8256,Completed
5658,1228,223,7,2023-01-18,Follow-up,2228,completed
5659,1066,228,5,2022-01-19,Follow-up,10362,Completed
5660,1262,214,9,2023-11-14,Follow-up,2294,Completed
5661,1295,224,1,2022-03-15,Follow-up,6284,Completed
5662,1243,210,7,2023-07-27,Follow-up,10617,Completed
5663,1186,216,10,2024-07-27,Follow-up,8801,Completed
5664,1246,216,7,2025-07-23,Consultation,2918,completed
5665,1125,222,4,2024-12-07,Follow-up,13445,Completed
5666,1268,210,9,2022-07-30,Follow-up,2498,completed
5667,1131,225,5,2024-05-04,Emergency,4809,Cancelled
5668,1237,213,4,2023-10-13,Consultation,6961,Rescheduled
5669,1018,206,7,2024-09-20,Consultation,11017,Completed
5670,1040,212,4,2023-11-26,Consultation,5779,Rescheduled
5671,1021,209,3,2023-06-24,Consultation,12050,completed
5672,1225,213,9,2025-04-29,Follow-up,4118,Cancelled
5673,1282,204,8,2025-08-31,Follow-up,8391,Cancelled
5674,1008,224,1,2024-06-19,Emergency,2145,Cancelled
5675,1100,211,7,2024-02-19,Emergency,9942,Rescheduled
5676,1240,220,9,2025-02-10,Consultation,6565,completed
5677,1087,218,8,2022-06-19,Emergency,13769,Completed
5678,1298,226,8,2024-11-03,Emergency,2192,Completed
5679,1014,211,6,2022-10-15,Consultation,7187,completed
5680,1002,225,4,2022-07-08,Consultation,8637,Rescheduled
5681,1293,221,8,2024-07-02,Emergency,14080,Completed
5682,1041,204,3,2025-03-24,Follow-up,10243,completed
5683,1111,218,9,2023-11-25,Emergency,4410,Completed
5684,1014,201,2,2024-06-06,Emergency,3820,Cancelled
5685,1231,227,2,2023-04-16,Follow-up,4964,Completed
5686,1084,207,7,2025-01-03,Follow-up,4521,Rescheduled
5687,1130,206,10,2022-10-04,Consultation,12061,completed
5688,1231,215,4,2024-07-28,Consultation,4568,Rescheduled
5689,1145,218,10,2025-09-28,Emergency,7882,completed
5690,1028,224,8,2025-12-19,Follow-up,3867,Cancelled
5691,1066,211,9,2023-07-25,Consultation,9465,completed
5692,1163,220,7,2024-05-06,Emergency,9602,Completed
5693,1229,224,5,2024-09-27,Follow-up,12930,Completed
5694,1261,215,8,2025-04-20,Emergency,13461,Cancelled
5695,1164,216,4,2023-04-03,Consultation,5199,completed
5696,1287,207,2,2024-07-06,Consultation,12771,Cancelled
5697,1010,221,6,2024-04-12,Follow-up,8103,Completed
5698,1195,210,9,2024-12-23,Emergency,14197,Rescheduled
5699,1118,226,1,2024-04-18,Follow-up,2240,Cancelled
5700,1270,212,10,2025-07-07,Consultation,5440,Rescheduled
5701,1080,224,7,2022-07-12,Consultation,6631,Rescheduled
5702,1093,214,10,2023-09-08,Emergency,11599,completed
5703,1266,225,9,2023-02-10,Emergency,13694,Cancelled
5704,1257,205,10,2024-07-31,Emergency,14230,Rescheduled
5705,1133,226,9,2023-12-22,Follow-up,10274,Rescheduled
5706,1276,221,10,2022-04-03,Emergency,7077,completed
5707,1264,218,3,2023-03-06,Emergency,5768,completed
5708,1171,205,5,2023-10-16,Consultation,11142,Completed
5709,1001,203,8,2025-12-28,Consultation,9995,Rescheduled
5710,1064,223,8,2025-11-28,Emergency,10802,Completed
5711,1284,226,4,2023-03-10,Emergency,14861,Rescheduled
5712,1121,205,1,2025-02-09,Consultation,8429,Completed
5713,1107,224,1,2023-01-10,Emergency,5605,completed
5714,1175,217,4,2024-12-18,Follow-up,14746,Cancelled
5715,1204,219,6,2024-12-02,Follow-up,13475,completed
5716,1165,219,8,2022-07-26,Follow-up,4173,Completed
5717,1120,225,6,2024-02-19,Emergency,13676,Completed
5718,1044,221,9,2025-08-12,Consultation,11714,Cancelled
5719,1156,212,9,2025-02-15,Emergency,8568,Rescheduled
5720,1207,225,2,2023-06-16,Emergency,4601,Completed
5721,1108,229,10,2025-05-30,Consultation,4657,Completed
5722,1251,209,1,2022-06-15,Consultation,8080,Completed
5723,1130,201,2,2023-10-05,Consultation,9325,Cancelled
5724,1293,218,5,2025-03-25,Follow-up,4159,completed
5725,1020,221,4,2025-04-22,Emergency,12641,Completed
5726,1282,204,4,2022-03-31,Consultation,5830,Cancelled
5727,1285,210,9,2025-01-22,Emergency,10313,Completed
5728,1001,225,8,2022-01-13,Follow-up,6368,Rescheduled
5729,1119,207,6,2024-08-30,Follow-up,3317,Cancelled
5730,1035,222,1,2024-03-15,Consultation,6493,Completed
5731,1198,223,2,2024-08-02,Consultation,12710,Cancelled
5732,1245,201,6,2024-01-12,Emergency,3230,Completed
5733,1059,217,2,2024-05-25,Consultation,3133,completed
5734,1161,224,10,2025-03-19,Emergency,9607,Completed
5735,1179,229,5,2023-10-22,Consultation,3301,Cancelled
5736,1206,229,5,2024-10-28,Emergency,14226,Rescheduled
5737,1012,202,6,2024-11-18,Emergency,3910,Rescheduled
5738,1276,228,6,2022-10-23,Emergency,10082,Rescheduled
5739,1181,226,6,2024-09-12,Emergency,10107,Completed
5740,1242,211,2,2024-07-14,Follow-up,11697,completed
5741,1216,209,10,2023-10-02,Emergency,9970,Completed
5742,1251,207,3,2022-12-06,Consultation,13377,Rescheduled
5743,1299,222,6,2023-09-20,Follow-up,3916,Cancelled
5744,1126,217,8,2023-03-15,Follow-up,8996,Rescheduled
5745,1217,217,1,2025-03-13,Emergency,13740,Cancelled
5746,1285,202,1,2024-07-30,Follow-up,4757,completed
5747,1185,206,2,2024-04-09,Emergency,12148,Cancelled
5748,1039,214,6,2023-06-03,Consultation,8464,Completed
5749,1223,206,9,2024-09-02,Emergency,2178,Completed
5750,1184,202,4,2024-12-04,Follow-up,11088,Completed
5751,1178,201,3,2024-08-12,Consultation,8362,Cancelled
5752,1294,210,8,2025-06-16,Emergency,11743,Completed
5753,1151,221,10,2024-08-09,Consultation,10683,Completed
5754,1126,205,9,2024-08-01,Consultation,2060,Completed
5755,1234,202,5,2022-06-04,Follow-up,11269,completed
5756,1008,222,9,2025-04-19,Consultation,8681,Cancelled
5757,1129,216,2,2025-05-23,Follow-up,4895,Cancelled
5758,1264,225,3,2022-03-29,Consultation,14352,Rescheduled
5759,1157,202,7,2025-07-03,Emergency,13875,Cancelled
5760,1005,210,7,2025-01-01,Consultation,2585,completed
5761,1086,202,6,2024-07-19,Emergency,7823,Cancelled
5762,1175,216,6,2022-06-28,Emergency,14152,completed
5763,1290,216,2,2022-07-31,Consultation,13962,completed
5764,1193,219,10,2025-06-11,Emergency,2534,Cancelled
5765,1119,229,6,2023-04-10,Consultation,5462,Rescheduled
5766,1218,207,4,2025-05-31,Consultation,6011,Completed
5767,1114,222,3,2023-09-23,Emergency,5398,Completed
5768,1145,212,2,2024-04-04,Emergency,4155,Cancelled
5769,1026,224,1,2025-07-11,Follow-up,7966,Cancelled
5770,1136,215,5,2025-05-15,Emergency,9329,completed
5771,1232,208,2,2023-08-30,Follow-up,8957,Cancelled
5772,1076,206,2,2024-06-03,Emergency,11196,completed
5773,1289,228,7,2023-01-01,Consultation,12691,Rescheduled
5774,1001,227,8,2022-10-03,Emergency,7325,Cancelled
5775,1147,210,10,2023-01-15,Consultation,10518,Completed
5776,1287,203,8,2025-08-25,Consultation,6703,Completed
5777,1142,219,4,2025-07-15,Consultation,4706,Cancelled
5778,1053,217,1,2024-08-02,Follow-up,2001,completed
5779,1069,207,7,2024-12-23,Emergency,11225,Completed
5780,1090,221,1,2024-03-20,Consultation,12673,completed
5781,1220,220,4,2025-10-05,Consultation,10316,Cancelled
5782,1192,226,8,2024-07-13,Follow-up,3104,Cancelled
5783,1063,204,2,2023-05-09,Emergency,12891,Completed
5784,1073,214,6,2025-01-26,Emergency,3861,Cancelled
5785,1161,220,6,2024-12-30,Follow-up,7269,Rescheduled
5786,1169,222,9,2022-12-30,Follow-up,8943,Rescheduled
5787,1089,215,5,2023-07-24,Emergency,13112,Completed
5788,1176,224,10,2024-02-02,Follow-up,10320,Rescheduled
5789,1269,208,4,2022-10-03,Emergency,2437,completed
5790,1073,221,5,2022-02-19,Emergency,6846,Completed
5791,1245,215,10,2025-10-13,Consultation,12740,Completed
5792,1077,222,5,2023-12-29,Consultation,5129,completed
5793,1159,220,8,2024-06-24,Emergency,11413,Rescheduled
5794,1098,228,10,2024-07-16,Emergency,10081,Rescheduled
5795,1102,214,8,2023-07-18,Emergency,2901,Rescheduled
5796,1132,227,2,2024-02-22,Emergency,13360,Completed
5797,1102,229,7,2023-04-30,Emergency,7398,Completed
5798,1019,209,8,2025-01-12,Emergency,8678,Rescheduled
5799,1082,208,6,2023-08-07,Follow-up,7529,Cancelled
5800,1279,226,5,2025-08-12,Emergency,8604,Rescheduled
5801,1129,228,9,2022-08-24,Follow-up,14678,completed
5802,1089,226,3,2022-02-25,Follow-up,5918,Completed
5803,1213,217,10,2022-12-26,Emergency,3067,completed
5804,1143,202,4,2022-04-20,Emergency,2026,completed
5805,1065,225,9,2022-07-11,Follow-up,8937,Completed
5806,1076,224,6,2024-06-22,Follow-up,9264,Cancelled
5807,1199,230,8,2025-01-21,Emergency,9118,Rescheduled
5808,1143,203,7,2024-05-11,Emergency,2547,completed
5809,1093,208,2,2023-07-22,Follow-up,12860,Completed
5810,1224,212,3,2024-12-19,Follow-up,10758,completed
5811,1291,201,1,2023-10-12,Follow-up,10895,Rescheduled
5812,1102,210,9,2022-02-08,Consultation,7338,Cancelled
5813,1267,220,7,2024-12-08,Follow-up,14472,Cancelled
5814,1110,203,1,2025-12-14,Consultation,5140,Cancelled
5815,1265,206,3,2023-09-29,Emergency,9996,Completed
5816,1003,207,4,2024-11-02,Emergency,3590,Completed
5817,1085,220,4,2022-02-05,Follow-up,9776,Cancelled
5818,1282,223,5,2022-04-11,Emergency,6943,Rescheduled
5819,1117,225,3,2025-01-14,Emergency,14886,Rescheduled
5820,1221,227,3,2025-05-31,Emergency,10997,Completed
5821,1154,218,1,2025-09-23,Emergency,9798,Cancelled
5822,1153,211,7,2022-06-15,Consultation,5791,Rescheduled
5823,1012,219,10,2023-01-18,Consultation,3357,Rescheduled
5824,1133,205,1,2025-10-31,Follow-up,10092,Rescheduled
5825,1293,219,2,2024-02-29,Follow-up,5225,Completed
5826,1300,211,4,2022-01-31,Follow-up,13810,Cancelled
5827,1228,224,4,2025-10-30,Emergency,12318,completed
5828,1271,212,5,2022-01-11,Emergency,4460,Cancelled
5829,1043,210,2,2025-08-18,Consultation,10737,Cancelled
5830,1021,208,4,2022-04-06,Consultation,4728,Completed
5831,1107,224,1,2025-04-28,Follow-up,13926,Rescheduled
5832,1117,228,2,2023-03-29,Consultation,8726,Rescheduled
5833,1124,228,1,2022-07-11,Consultation,12754,Completed
5834,1281,209,10,2023-05-01,Consultation,9481,Completed
5835,1292,204,10,2025-07-13,Consultation,12271,Completed
5836,1203,205,4,2025-12-18,Consultation,8430,Completed
5837,1051,221,4,2025-02-25,Follow-up,12833,Completed
5838,1271,208,7,2022-08-26,Follow-up,5114,completed
5839,1277,223,10,2025-10-10,Consultation,12118,Cancelled
5840,1141,209,9,2025-02-09,Follow-up,2616,Cancelled
5841,1275,215,9,2025-09-28,Emergency,5644,Cancelled
5842,1290,215,5,2025-03-14,Consultation,8413,Rescheduled
5843,1052,216,10,2024-12-24,Emergency,3203,completed
5844,1027,214,1,2025-06-24,Follow-up,11951,Cancelled
5845,1157,208,1,2024-01-05,Follow-up,4565,Rescheduled
5846,1239,218,6,2024-09-17,Emergency,5174,completed
5847,1156,210,2,2024-04-04,Follow-up,5081,completed
5848,1291,228,8,2022-04-16,Consultation,4630,Rescheduled
5849,1136,220,9,2022-06-30,Emergency,5161,completed
5850,1144,206,4,2022-07-03,Consultation,6321,Rescheduled
5851,1106,212,5,2022-08-14,Emergency,10861,Cancelled
5852,1158,202,8,2024-02-16,Follow-up,8269,Rescheduled
5853,1146,207,3,2024-02-29,Emergency,9099,completed
5854,1002,216,5,2025-01-17,Emergency,9376,Cancelled
5855,1077,203,3,2023-11-19,Consultation,13360,Cancelled
5856,1132,213,10,2023-06-14,Follow-up,12313,Completed
5857,1090,203,3,2025-10-26,Consultation,6078,Completed
5858,1263,227,3,2024-08-29,Follow-up,7801,completed
5859,1108,218,7,2024-07-24,Consultation,6151,Rescheduled
5860,1074,211,7,2025-11-23,Emergency,10911,Rescheduled
5861,1039,208,7,2022-04-16,Consultation,4600,completed
5862,1159,206,10,2025-07-18,Follow-up,8175,Cancelled
5863,1071,201,8,2024-04-10,Follow-up,13790,completed
5864,1241,228,5,2023-11-10,Emergency,14861,completed
5865,1298,201,5,2024-04-28,Follow-up,2666,Cancelled
5866,1036,223,4,2024-11-21,Consultation,2283,Rescheduled
5867,1084,208,7,2023-01-28,Emergency,7840,completed
5868,1263,205,10,2022-02-09,Follow-up,14095,Rescheduled
5869,1172,228,4,2023-10-22,Follow-up,5565,completed
5870,1173,216,2,2025-05-26,Consultation,12426,Cancelled
5871,1047,211,4,2024-09-07,Consultation,6593,Cancelled
5872,1141,205,8,2025-01-10,Emergency,3465,Completed
5873,1118,204,9,2024-04-24,Follow-up,10321,Cancelled
5874,1277,230,3,2022-07-20,Consultation,6734,Completed
5875,1214,206,7,2023-03-23,Emergency,8257,completed
5876,1220,214,9,2025-12-22,Follow-up,9366,Rescheduled
5877,1026,222,4,2024-11-27,Follow-up,12252,Cancelled
5878,1009,219,10,2025-05-19,Emergency,5672,Cancelled
5879,1271,209,3,2023-03-20,Emergency,9382,Cancelled
5880,1010,212,5,2025-09-12,Consultation,8587,completed
5881,1121,211,1,2024-01-31,Follow-up,12686,Completed
5882,1125,214,3,2022-08-15,Follow-up,2992,completed
5883,1170,223,8,2022-02-17,Follow-up,8858,Rescheduled
5884,1072,216,8,2024-11-07,Emergency,4121,completed
5885,1152,201,4,2024-06-30,Consultation,12776,Rescheduled
5886,1208,213,2,2022-07-06,Follow-up,14388,Cancelled
5887,1049,223,8,2022-12-11,Emergency,4223,Rescheduled
5888,1154,221,8,2022-08-12,Follow-up,6522,Rescheduled
5889,1293,221,10,2024-04-09,Consultation,5188,Completed
5890,1068,230,4,2023-05-03,Follow-up,5237,Rescheduled
5891,1050,213,3,2024-05-26,Consultation,6136,Rescheduled
5892,1152,202,2,2024-04-28,Consultation,14716,completed
5893,1019,204,9,2025-06-06,Follow-up,2343,Cancelled
5894,1100,228,1,2025-11-14,Follow-up,14653,completed
5895,1060,206,7,2024-09-05,Consultation,6704,completed
5896,1167,226,5,2024-10-13,Emergency,6823,Cancelled
5897,1202,227,8,2022-07-07,Consultation,12468,Cancelled
5898,1146,223,4,2022-09-27,Follow-up,6920,Rescheduled
5899,1164,227,7,2022-11-06,Follow-up,5201,Rescheduled
5900,1242,205,5,2025-03-01,Emergency,7471,Completed
5901,1069,225,5,2024-12-31,Consultation,2888,completed
5902,1175,203,9,2024-04-24,Consultation,12235,Cancelled
5903,1049,201,9,2025-04-25,Consultation,11533,Rescheduled
5904,1108,204,9,2023-05-01,Follow-up,9127,Cancelled
5905,1226,225,6,2025-04-29,Consultation,5720,Rescheduled
5906,1161,220,6,2025-12-16,Emergency,4883,Completed
5907,1119,202,5,2022-04-30,Follow-up,6212,Completed
5908,1149,226,9,2022-08-08,Follow-up,8961,Cancelled
5909,1150,230,10,2022-02-22,Consultation,4415,Completed
5910,1293,230,8,2025-12-06,Emergency,11309,Cancelled
5911,1143,205,7,2025-06-14,Follow-up,14455,Rescheduled
5912,1160,203,7,2024-01-28,Follow-up,5001,completed
5913,1011,229,6,2024-01-08,Consultation,3738,Completed
5914,1138,228,5,2023-12-21,Consultation,3364,Rescheduled
5915,1078,229,4,2023-02-10,Emergency,4708,completed
5916,1077,209,3,2023-08-31,Consultation,14982,completed
5917,1254,220,3,2024-10-17,Emergency,2924,completed
5918,1258,206,6,2023-02-26,Follow-up,2151,Rescheduled
5919,1291,218,4,2023-12-13,Emergency,10777,Rescheduled
5920,1263,206,6,2022-09-04,Emergency,10044,Cancelled
5921,1085,219,3,2022-03-13,Emergency,2912,completed
5922,1146,228,4,2022-07-04,Follow-up,4321,completed
5923,1042,212,9,2022-01-06,Consultation,2495,completed
5924,1125,225,5,2025-05-14,Follow-up,13987,Cancelled
5925,1167,211,7,2024-06-24,Consultation,4148,completed
5926,1241,202,10,2023-01-22,Emergency,2556,Rescheduled
5927,1280,215,2,2023-11-30,Emergency,3552,completed
5928,1188,212,5,2025-01-04,Emergency,4120,Completed
5929,1019,212,9,2025-04-15,Emergency,5085,Rescheduled
5930,1068,209,3,2024-04-06,Emergency,5504,Cancelled
5931,1218,221,9,2022-12-15,Consultation,2156,completed
5932,1102,224,6,2025-07-02,Consultation,10926,Completed
5933,1042,202,4,2022-11-04,Emergency,9505,Cancelled
5934,1288,222,7,2025-09-30,Follow-up,9162,Cancelled
5935,1167,203,8,2025-02-24,Follow-up,7523,Rescheduled
5936,1109,212,6,2022-10-14,Emergency,9543,Cancelled
5937,1036,228,5,2024-02-05,Consultation,10055,Cancelled
5938,1232,230,6,2023-12-26,Follow-up,6654,Cancelled
5939,1229,226,5,2024-02-01,Follow-up,8250,Cancelled
5940,1164,216,8,2023-01-18,Follow-up,13468,completed
5941,1073,221,1,2025-11-30,Emergency,9246,completed
5942,1136,228,7,2023-01-23,Follow-up,2154,completed
5943,1070,224,10,2023-06-09,Follow-up,9950,completed
5944,1196,226,10,2023-10-01,Follow-up,2996,Completed
5945,1269,230,2,2024-07-26,Follow-up,12486,completed
5946,1049,201,9,2022-10-03,Consultation,6626,Cancelled
5947,1130,221,1,2023-05-15,Emergency,4905,completed
5948,1005,203,10,2023-12-18,Emergency,11369,completed
5949,1027,220,6,2022-12-03,Consultation,2153,Rescheduled
5950,1160,202,9,2024-07-20,Consultation,9853,Cancelled
5951,1149,209,1,2023-04-26,Emergency,14379,completed
5952,1264,219,4,2024-06-29,Follow-up,8481,completed
5953,1230,215,4,2025-07-20,Follow-up,7599,completed
5954,1200,218,9,2024-12-17,Emergency,3716,Completed
5955,1050,226,5,2025-09-13,Follow-up,13394,completed
5956,1067,211,5,2022-04-19,Consultation,13049,Rescheduled
5957,1300,225,6,2025-07-26,Follow-up,2786,Cancelled
5958,1058,223,1,2022-11-24,Follow-up,6368,Cancelled
5959,1259,216,1,2022-11-11,Follow-up,10096,completed
5960,1130,222,9,2025-02-08,Emergency,6272,completed
5961,1215,217,3,2023-11-30,Consultation,5767,completed
5962,1172,205,4,2024-02-20,Follow-up,13070,Cancelled
5963,1258,212,1,2025-06-06,Emergency,10834,Cancelled
5964,1102,211,9,2022-06-05,Follow-up,7994,Completed
5965,1209,230,8,2025-07-19,Consultation,9216,Rescheduled
5966,1291,215,2,2024-06-05,Follow-up,14854,Completed
5967,1286,227,8,2024-10-22,Consultation,10857,Rescheduled
5968,1116,203,7,2024-01-28,Follow-up,5426,Completed
5969,1264,201,6,2023-12-23,Consultation,5783,Cancelled
5970,1150,220,1,2024-07-01,Follow-up,7427,Completed
5971,1300,229,7,2025-08-02,Consultation,9011,Rescheduled
5972,1036,216,10,2024-05-20,Follow-up,10052,completed
5973,1287,202,7,2022-01-13,Follow-up,5701,Rescheduled
5974,1208,202,9,2023-08-31,Emergency,11261,completed
5975,1106,203,1,2023-05-13,Emergency,4349,Cancelled
5976,1158,208,2,2022-08-26,Consultation,9011,Rescheduled
5977,1121,224,9,2025-01-22,Follow-up,9055,Completed
5978,1055,228,9,2025-09-23,Consultation,14695,Rescheduled
5979,1012,215,6,2024-02-20,Emergency,3212,completed
5980,1145,207,6,2025-04-09,Consultation,8965,Cancelled
5981,1136,206,4,2023-08-29,Consultation,11344,Completed
5982,1003,209,4,2023-10-23,Emergency,8704,Rescheduled
5983,1144,220,5,2024-04-28,Follow-up,9433,completed
5984,1030,228,3,2024-07-24,Consultation,4511,Completed
5985,1237,201,1,2023-09-20,Emergency,2143,Cancelled
5986,1279,208,1,2022-05-23,Follow-up,12681,Completed
5987,1115,223,7,2025-05-09,Emergency,9367,Cancelled
5988,1104,223,1,2025-04-18,Consultation,5228,Completed
5989,1118,203,1,2023-12-15,Follow-up,6582,Rescheduled
5990,1005,204,3,2025-10-19,Follow-up,13397,completed
5991,1248,226,10,2023-04-24,Emergency,8031,Rescheduled
5992,1121,225,4,2023-07-19,Emergency,6243,Rescheduled
5993,1286,215,4,2023-04-16,Emergency,13334,Cancelled
5994,1149,206,2,2023-01-19,Follow-up,13496,Cancelled
5995,1084,215,1,2024-07-14,Follow-up,11549,Cancelled
5996,1231,221,3,2023-02-21,Consultation,4713,Rescheduled
5997,1288,203,4,2022-11-04,Follow-up,6185,Completed
5998,1161,225,3,2023-10-11,Consultation,11549,Completed
5999,1272,221,8,2025-10-22,Emergency,14486,Rescheduled
6000,1038,221,10,2024-10-21,Emergency,9328,Rescheduled
5001,1047,220,4,2025-07-17,Emergency,6675,completed
